{"cameraMode":{"drawMode":0,"name":"Shaded","section":"Shading Mode"},"sceneLighting":true,"audioPlay":false,"sceneViewState":{"m_AlwaysRefresh":false,"showFog":true,"showSkybox":true,"showFlares":true,"showImageEffects":true,"showParticleSystems":true,"showVisualEffectGraphs":true,"m_FxEnabled":true},"in2DMode":false,"pivot":{"x":-3.5320379734039308,"y":1.031604290008545,"z":-0.3643950819969177},"rotation":{"x":0.20405785739421845,"y":-0.001466503250412643,"z":0.000310370116494596,"w":0.9789685606956482},"size":0.7868539690971375,"orthographic":false}