{"cameraMode":{"drawMode":0,"name":"Shaded","section":"Shading Mode"},"sceneLighting":true,"audioPlay":false,"sceneViewState":{"m_AlwaysRefresh":false,"showFog":true,"showSkybox":true,"showFlares":true,"showImageEffects":true,"showParticleSystems":true,"showVisualEffectGraphs":true,"m_FxEnabled":true},"in2DMode":false,"pivot":{"x":-69.28948974609375,"y":450.4606628417969,"z":-14.49993896484375},"rotation":{"x":0.061441559344530109,"y":0.025449054315686227,"z":-0.0015670494176447392,"w":0.9977840185165405},"size":1063.4776611328125,"orthographic":true}