{"cameraMode":{"drawMode":0,"name":"Shaded","section":"Shading Mode"},"sceneLighting":true,"audioPlay":false,"sceneViewState":{"m_AlwaysRefresh":false,"showFog":true,"showSkybox":true,"showFlares":true,"showImageEffects":true,"showParticleSystems":true,"showVisualEffectGraphs":true,"m_FxEnabled":true},"in2DMode":false,"pivot":{"x":-3.247734308242798,"y":1.4335488080978394,"z":-0.6166113615036011},"rotation":{"x":0.20405785739421845,"y":-0.001466503250412643,"z":0.000310370116494596,"w":0.9789685606956482},"size":2.234607696533203,"orthographic":false}